<?xml version="1.0" encoding="UTF-8"?>
<ProgramExecution>
 <SOPCSystem>
  <CompileID>0</CompileID>
  <DeviceFamily>UNKNOWN</DeviceFamily>
  <HDLLanguage></HDLLanguage>
  <Qsys>0</Qsys>
  <SOPCModule>
   <C>1</C>
   <ModuleType>alt_sld_fab</ModuleType>
   <SOPCModuleParameter>
    <C>2</C>
    <Name>DESIGN_HASH</Name>
    <Value>3263626024d7adfee8cd</Value>
   </SOPCModuleParameter>
   <SOPCModuleParameter>
    <C>3</C>
    <Name>NODE_COUNT</Name>
    <Value>1</Value>
   </SOPCModuleParameter>
   <SOPCModuleParameter>
    <C>4</C>
    <Name>MAX_WIDTH</Name>
    <Value>25</Value>
   </SOPCModuleParameter>
   <SOPCModuleParameter>
    <C>5</C>
    <Name>SETTINGS</Name>
    <Value>{fabric sld dir agent mfr_code 70 type_code 34 version 3 instance 0 ir_width 2 psig f63706bb} </Value>
   </SOPCModuleParameter>
   <SOPCModuleParameter>
    <C>6</C>
    <Name>CLOCKS</Name>
    <Value>{id {} } </Value>
   </SOPCModuleParameter>
   <SOPCModuleParameter>
    <C>7</C>
    <Name>AGENTS</Name>
    <Value></Value>
   </SOPCModuleParameter>
   <SOPCModuleParameter>
    <C>8</C>
    <Name>EP_INFOS</Name>
    <Value>{hpath {lab7_soc:m_lab7_soc|nios_system_nios2_qsys_0:nios2_qsys_0|nios_system_nios2_qsys_0_nios2_oci:the_nios_system_nios2_qsys_0_nios2_oci|nios_system_nios2_qsys_0_jtag_debug_module_wrapper:the_nios_system_nios2_qsys_0_jtag_debug_module_wrapper|sld_virtual_jtag_basic:nios_system_nios2_qsys_0_jtag_debug_module_phy|sld_virtual_jtag_impl:sld_virtual_jtag_impl_inst} } </Value>
   </SOPCModuleParameter>
   <SOPCModuleParameter>
    <C>9</C>
    <Name>MIRROR</Name>
    <Value>0</Value>
   </SOPCModuleParameter>
   <SOPCModuleParameter>
    <C>10</C>
    <Name>TOP_HUB</Name>
    <Value>1</Value>
   </SOPCModuleParameter>
   <SOPCModuleParameter>
    <C>11</C>
    <Name>DEVICE_FAMILY</Name>
    <Value>Cyclone IV E</Value>
   </SOPCModuleParameter>
   <SOPCModuleParameter>
    <C>12</C>
    <Name>AUTO_DEVICE</Name>
    <Value>Unknown</Value>
   </SOPCModuleParameter>
   <SOPCModuleParameter>
    <C>13</C>
    <Name>AUTO_DEVICE_SPEEDGRADE</Name>
    <Value>Unknown</Value>
   </SOPCModuleParameter>
  </SOPCModule>
  <SystemID>1149001834</SystemID>
 </SOPCSystem>
 <SchemaVersion>schema_2013-01-18</SchemaVersion>
</ProgramExecution>
